title,date,year,month,link
«Все дисциплины — в одном изделии»: студент института № 7 МАИ — о разработке дрона нового поколения на практике в ООО «Тавион»,27.08.2026,2026,8,https://mai.ru/press/news/detail.php?ID=189202
«Мелочей в авиации не бывает»: инженер АО «Ил» учит студентов МАИ самолётостроению на реальных конструкторских задачах,24.08.2026,2026,8,https://mai.ru/press/news/detail.php?ID=189106
«За каждой ячейкой в Excel стоят реальные цех и деталь»: студент-экономист МАИ — о практике в АО «Ил»,20.08.2026,2026,8,https://mai.ru/press/news/detail.php?ID=189069
«Точный перевод — важная составляющая качественного технического обслуживания»: студентка МАИ — о практике в «Аэрофлот Техникс»,13.08.2026,2026,8,https://mai.ru/press/news/detail.php?ID=188991
"Ректор Московского авиационного института Михаил Погосян: «Абитуриентов, которые делают осознанный выбор в пользу МАИ, становится всё больше»",10.08.2026,2026,8,https://mai.ru/press/news/detail.php?ID=188948
С «Авиапрактики» я привёз в рамке свой эскиз детали для SJ-100»: студент МАИ — об уникальном опыте на КнААЗ,07.08.2026,2026,8,https://mai.ru/press/news/detail.php?ID=188936
Будущее за биомедицинской инженерией: студентка МАИ — о практике в Центре инноваций травматологии и ортопедии Ростеха,31.07.2026,2026,7,https://mai.ru/press/news/detail.php?ID=188852
Понимание на уровне подсознания: как ведущий технолог ОКБ Сухого учит студентов МАИ различать композиты наощупь,29.07.2026,2026,7,https://mai.ru/press/news/detail.php?ID=188812
Экологи на Байконуре: студент Аэрокосмического института МАИ — о практике во время пуска «Союза МС-29»,23.07.2026,2026,7,https://mai.ru/press/news/detail.php?ID=188777
Практика с ИИ в МАИ: как студент ПИШ проектирует авиасистему в тандеме с искусственным интеллектом,17.07.2026,2026,7,https://mai.ru/press/news/detail.php?ID=188746
Передовая инженерная школа МАИ начнёт готовить специалистов по электроэнергетике транспорта нового поколения,17.07.2026,2026,7,https://mai.ru/press/news/detail.php?ID=188745
МАИ выпустил первых в России дипломированных специалистов по закупкам в области высокотехнологичного машиностроения,10.07.2026,2026,7,https://mai.ru/press/news/detail.php?ID=188678
Практика — это способ «прожить» теорию: как инженер «РТК Цифровые технологии» готовит DevOps-инженеров в МАИ,02.07.2026,2026,7,https://mai.ru/press/news/detail.php?ID=188587
110 студентов пройдут межрегиональную практику на 17 авиационных предприятиях при поддержке МАИ и ОАК,29.06.2026,2026,6,https://mai.ru/press/news/detail.php?ID=188557
"«Российские заводы, конструкторские бюро и космодромы ждут готового специалиста»: как эксперт ГКНПЦ имени М.В. Хруничева передаёт производственный опыт студентам МАИ",25.06.2026,2026,6,https://mai.ru/press/news/detail.php?ID=188525
«Инженеры будущего»: МАИ принимает участие в международном молодёжном промышленном форуме,24.06.2026,2026,6,https://mai.ru/press/news/detail.php?ID=188546
Студенты МАИ впервые защитили дипломы в формате стартапов,24.06.2026,2026,6,https://mai.ru/press/news/detail.php?ID=188534
Кадры для технологического лидерства: Михаил Погосян рассказал про новые требования к подготовке инженеров,23.06.2026,2026,6,https://mai.ru/press/news/detail.php?ID=188523
В МАИ открыт набор на первую в России программу БВО по подготовке инженеров для проектирования беспилотных систем,22.06.2026,2026,6,https://mai.ru/press/news/detail.php?ID=188516
Теория — тоже практика: эксперт «дочки» «Алмаз-Антея» рассказал о фундаментальной подготовке инженеров в МАИ,16.06.2026,2026,6,https://mai.ru/press/news/detail.php?ID=188483
К работе готовы: как МАИ обучает студентов под конкретные задачи отрасли,11.06.2026,2026,6,https://mai.ru/press/news/detail.php?ID=188472
Цель — вырастить инженера-изобретателя: как эксперт АО МНПК «Авионика» Владимир Подшибнев помогает студентам МАИ стать конструкторами нового поколения,08.06.2026,2026,6,https://mai.ru/press/news/detail.php?ID=188462
От отдельных техпроцессов к жизненному циклу изделия: как МАИ меняет подход к практике студентов,04.06.2026,2026,6,https://mai.ru/press/news/detail.php?ID=188450
"ИИ, хакатоны, школы и проекты уровня бигтеха: чем запомнился первый учебный год на программах ТОП-ИТ в МАИ",,,,https://mai.ru/press/news/detail.php?ID=188324
Могут делать всё и даже больше: как менеджер «Яндекса» в МАИ готовит специалистов по качеству для электронной промышленности,,,,https://mai.ru/press/news/detail.php?ID=188287
Инженерия по ролям: как МАИ помогает студентам занять своё место в индустрии,,,,https://mai.ru/press/news/detail.php?ID=188162
«45% практики и никакой абстрактной теории»: как инженер НПО «Алмаз» готовит кадры для радиолокационной отрасли в МАИ,30.04.2026,2026,4,https://mai.ru/press/news/detail.php?ID=188092
Реальность конструкторского бюро — на парах: как МАИ формирует профессиональные навыки студентов,16.04.2026,2026,4,https://mai.ru/press/news/detail.php?ID=187916
От образования к карьере: как студенты МАИ выстраивают индивидуальные траектории обучения,25.03.2026,2026,3,https://mai.ru/press/news/detail.php?ID=187731
Осознанный выбор: как МАИ формирует новое поколение инженеров,23.03.2026,2026,3,https://mai.ru/press/news/detail.php?ID=187713
Новые правила приёма в производственную аспирантуру МАИ: больше практики — больше взаимодействия с индустрией,17.03.2026,2026,3,https://mai.ru/press/news/detail.php?ID=187650
В МАИ обсудили горизонты производственной аспирантуры,16.03.2026,2026,3,https://mai.ru/press/news/detail.php?ID=187646
Превратить диплом в бизнес-проект: студенты МАИ начнут выполнять ВКР в виде стартапов,26.02.2026,2026,2,https://mai.ru/press/news/detail.php?ID=187492
Наука для прогресса: в МАИ обсудили необходимость введения производственной аспирантуры,19.02.2026,2026,2,https://mai.ru/press/news/detail.php?ID=187471
От них зависит лидерство в космосе: как модуль специализации помогает готовить кадры по новым требованиям индустрии,14.01.2026,2026,1,https://mai.ru/press/news/detail.php?ID=187060
Креативное и критическое мышление как инструменты передовых инженеров: польза гуманитарного модуля на примере ПИШ МАИ,12.12.2025,2025,12,https://mai.ru/press/news/detail.php?ID=186856
Михаил Погосян принял участие в обсуждении стратегии развития аспирантуры для индустрии и науки,05.12.2025,2025,12,https://mai.ru/press/news/detail.php?ID=186785
От имитационных игр до профпроб: новые подходы МАИ для успешного карьерного старта студентов,04.12.2025,2025,12,https://mai.ru/press/news/detail.php?ID=186784
МАИ поделился опытом внедрения производственной аспирантуры на Конгрессе молодых учёных,28.11.2025,2025,11,https://mai.ru/press/news/detail.php?ID=186708
Космические аппараты будущего и проекты для РОС: как студенты МАИ осваивают перспективные технологии,27.11.2025,2025,11,https://mai.ru/press/news/detail.php?ID=186700
Первым делом экономика: преподаватель МАИ Наталья Москвичёва о формировании бизнес-мышления у будущих инженеров,20.11.2025,2025,11,https://mai.ru/press/news/detail.php?ID=186598
«Запустить в полёт IT-проект»: преподаватель института № 6 МАИ о проектной деятельности будущих инженеров,31.10.2025,2025,10,https://mai.ru/press/news/detail.php?ID=186417
"Студентка Софья Гринкевич: «Абсолютно осознанным был мой выбор не только МАИ, но и БВО»",21.10.2025,2025,10,https://mai.ru/press/news/detail.php?ID=186349
Персонализированное образование: студенты МАИ выбирают свой путь к знаниям,17.10.2025,2025,10,https://mai.ru/press/news/detail.php?ID=186333
Компас твоей карьеры: МАИ протестировал уникальный образовательный проект,14.10.2025,2025,10,https://mai.ru/press/news/detail.php?ID=186299
Завтрак с неба: ректор МАИ Михаил Погосян – о будущем беспилотной авиации и приёмной кампании,18.07.2025,2025,7,https://mai.ru/press/news/detail.php?ID=185521

